Searched CEP:;Logradouro/Nome:;Bairro/Distrito:;Localidade/UF:;CEP:
22770;Caminho do Curral ;Pechincha ;Rio de Janeiro/RJ ;22770-160
22770;Estrada Marechal Miguel Salazar Mendes de Morais - até 1055 - lado ímpar ;Taquara ;Rio de Janeiro/RJ ;22770-330
22770;Estrada Marechal Miguel Salazar Mendes de Morais - até 1160 - lado par ;Taquara ;Rio de Janeiro/RJ ;22770-331
22770;Estrada Marechal Miguel Salazar Mendes de Morais - de 1057 ao fim - lado ímpar ;Cidade de Deus ;Rio de Janeiro/RJ ;22770-333
22770;Estrada Marechal Miguel Salazar Mendes de Morais - de 1162 ao fim - lado par ;Cidade de Deus ;Rio de Janeiro/RJ ;22770-334
22770;Estrada Marechal Miguel Salazar Mendes de Morais 906  AGF Prezunic Clique e Retire ;Taquara ;Rio de Janeiro/RJ ;22770-959
22770;Estrada Marechal Miguel Salazar Mendes de Morais 906  AGF Prezunic ;Taquara ;Rio de Janeiro/RJ ;22770-970
22770;Praça Araguacema ;Cidade de Deus ;Rio de Janeiro/RJ ;22770-260
22770;Praça Roberto Valeriano Pequeno ;Cidade de Deus ;Rio de Janeiro/RJ ;22770-420
22770;Rua A ;Pechincha ;Rio de Janeiro/RJ ;22770-495
22770;Rua Alto Alegre ;Pechincha ;Rio de Janeiro/RJ ;22770-010
22770;Rua Alto Pora ;Pechincha ;Rio de Janeiro/RJ ;22770-020
22770;Rua Antônio Girão Barroso ;Pechincha ;Rio de Janeiro/RJ ;22770-130
22770;Rua Artur de Sá Earp ;Cidade de Deus ;Rio de Janeiro/RJ ;22770-270
22770;Rua Artur Orlando ;Pechincha ;Rio de Janeiro/RJ ;22770-040
22770;Rua Assis Moura ;Pechincha ;Rio de Janeiro/RJ ;22770-280
22770;Rua B (Vivendas Bandeirantes) ;Pechincha ;Rio de Janeiro/RJ ;22770-500
22770;Rua Belfast ;Freguesia (Jacarepaguá) ;Rio de Janeiro/RJ ;22770-380
22770;Rua C (Vivendas Bandeirantes) ;Pechincha ;Rio de Janeiro/RJ ;22770-510
22770;Rua Cabo Geraldo Calderaro ;Freguesia (Jacarepaguá) ;Rio de Janeiro/RJ ;22770-290
22770;Rua Caniu ;Pechincha ;Rio de Janeiro/RJ ;22770-580
22770;Rua Carlos Afonso Ottino ;Cidade de Deus ;Rio de Janeiro/RJ ;22770-300
22770;Rua Clevelândia ;Cidade de Deus ;Rio de Janeiro/RJ ;22770-310
22770;Rua Clóvis Monteiro ;Pechincha ;Rio de Janeiro/RJ ;22770-140
22770;Rua Cosme Damião ;Cidade de Deus ;Rio de Janeiro/RJ ;22770-660
22770;Rua D ;Pechincha ;Rio de Janeiro/RJ ;22770-530
22770;Rua da Conceição ;Cidade de Deus ;Rio de Janeiro/RJ ;22770-670
22770;Rua Delmiro Gouveia ;Pechincha ;Rio de Janeiro/RJ ;22770-150
22770;Rua E (Vivendas Bandeirantes ) ;Pechincha ;Rio de Janeiro/RJ ;22770-540
22770;Rua Edgard Cavalheiro ;Cidade de Deus ;Rio de Janeiro/RJ ;22770-320
22770;Rua Efraim Thomas Bo ;Taquara ;Rio de Janeiro/RJ ;22770-170
22770;Rua F (Vivendas Bandeirantes) ;Pechincha ;Rio de Janeiro/RJ ;22770-550
22770;Rua Félix Crame ;Pechincha ;Rio de Janeiro/RJ ;22770-180
22770;Rua G (Vivendas Bandeirantes) ;Pechincha ;Rio de Janeiro/RJ ;22770-560
22770;Rua General Miguel Ferreira ;Taquara ;Rio de Janeiro/RJ ;22770-590
22770;Rua H (Vivendas Bandeirantes) ;Pechincha ;Rio de Janeiro/RJ ;22770-570
22770;Rua I (Vivendas Bandeirantes ) ;Pechincha ;Rio de Janeiro/RJ ;22770-520
22770;Rua Ignes ;Cidade de Deus ;Rio de Janeiro/RJ ;22770-675
22770;Rua Imuta ;Pechincha ;Rio de Janeiro/RJ ;22770-600
22770;Rua João Lópes Braga ;Taquara ;Rio de Janeiro/RJ ;22770-610
22770;Rua Joaquim Inácio Filho ;Taquara ;Rio de Janeiro/RJ ;22770-620
22770;Rua Joaquim Tourinho ;Pechincha ;Rio de Janeiro/RJ ;22770-060
22770;Rua Luar ;Cidade de Deus ;Rio de Janeiro/RJ ;22770-680
22770;Rua Manoel Costa Ramos ;Pechincha ;Rio de Janeiro/RJ ;22770-070
22770;Rua Maria da Fé ;Cidade de Deus ;Rio de Janeiro/RJ ;22770-340
22770;Rua Maria Jorgina ;Cidade de Deus ;Rio de Janeiro/RJ ;22770-655
22770;Rua Maria Magalhães Pinto ;Pechincha ;Rio de Janeiro/RJ ;22770-350
22770;Rua Ministro Gabriel de Piza ;Pechincha ;Rio de Janeiro/RJ ;22770-360
22770;Rua Ministro Pedro Firmeza ;Freguesia (Jacarepaguá) ;Rio de Janeiro/RJ ;22770-630
22770;Rua Mirataia ;Pechincha ;Rio de Janeiro/RJ ;22770-190
22770;Rua Monte Sião ;Cidade de Deus ;Rio de Janeiro/RJ ;22770-370
22770;Rua Moreira Campos ;Pechincha ;Rio de Janeiro/RJ ;22770-125
22770;Rua Oscar Cordeiro ;Pechincha ;Rio de Janeiro/RJ ;22770-200
22770;Rua Oswaldo Lussac ;Taquara ;Rio de Janeiro/RJ ;22770-640
22770;Rua Paço do Lumiar ;Pechincha ;Rio de Janeiro/RJ ;22770-080
22770;Rua Paulo Moreira da Silva ;Taquara ;Rio de Janeiro/RJ ;22770-210
22770;Rua Pedro Ivo ;Cidade de Deus ;Rio de Janeiro/RJ ;22770-665
22770;Rua Percy Lau ;Pechincha ;Rio de Janeiro/RJ ;22770-220
22770;Rua Pintor Leandro Joaquim ;Cidade de Deus ;Rio de Janeiro/RJ ;22770-650
22770;Rua Professor Henrique Costa - até 685 - lado ímpar ;Pechincha ;Rio de Janeiro/RJ ;22770-232
22770;Rua Professor Henrique Costa - até 726 - lado par ;Pechincha ;Rio de Janeiro/RJ ;22770-233
22770;Rua Professor Henrique Costa - de 687 ao fim - lado ímpar ;Pechincha ;Rio de Janeiro/RJ ;22770-234
22770;Rua Professor Henrique Costa - de 728 ao fim - lado par ;Pechincha ;Rio de Janeiro/RJ ;22770-235
22770;Rua Professor Mário de Vasconcelos ;Pechincha ;Rio de Janeiro/RJ ;22770-090
22770;Rua Professor Rocha Lagoa ;Cidade de Deus ;Rio de Janeiro/RJ ;22770-390
22770;Rua Professor Waldemar Berardinelli ;Cidade de Deus ;Rio de Janeiro/RJ ;22770-400
22770;Rua Rebouças ;Cidade de Deus ;Rio de Janeiro/RJ ;22770-410
22770;Rua Retiro dos Artistas - até 919 - lado ímpar ;Pechincha ;Rio de Janeiro/RJ ;22770-102
22770;Rua Retiro dos Artistas - até 930 - lado par ;Pechincha ;Rio de Janeiro/RJ ;22770-103
22770;Rua Retiro dos Artistas - de 921 ao fim - lado ímpar ;Pechincha ;Rio de Janeiro/RJ ;22770-104
22770;Rua Retiro dos Artistas - de 932 ao fim - lado par ;Pechincha ;Rio de Janeiro/RJ ;22770-105
22770;Rua Samuel das Neves ;Pechincha ;Rio de Janeiro/RJ ;22770-110
22770;Rua São Boneto ;Pechincha ;Rio de Janeiro/RJ ;22770-430
22770;Rua São Deodato ;Pechincha ;Rio de Janeiro/RJ ;22770-240
22770;Rua Solar ;Cidade de Deus ;Rio de Janeiro/RJ ;22770-651
22770;Rua Soldado Dirceu de Almeida ;Pechincha ;Rio de Janeiro/RJ ;22770-120
22770;Rua Soldado Francisco de Souza ;Pechincha ;Rio de Janeiro/RJ ;22770-155
22770;Rua Soldado Genésio Correia ;Taquara ;Rio de Janeiro/RJ ;22770-440
22770;Rua Soldado Hilário Zanesco ;Taquara ;Rio de Janeiro/RJ ;22770-450
22770;Rua Soldado João da Silva ;Taquara ;Rio de Janeiro/RJ ;22770-460
22770;Rua Soldado José Solano ;Taquara ;Rio de Janeiro/RJ ;22770-470
22770;Rua Tenente José Jerônimo de Mesquita ;Taquara ;Rio de Janeiro/RJ ;22770-250
22770;Rua Vila Formosa ;Pechincha ;Rio de Janeiro/RJ ;22770-084
22770;Rua Vila Lumiar ;Pechincha ;Rio de Janeiro/RJ ;22770-082
22770;Rua Waldemar Loureiro ;Pechincha ;Rio de Janeiro/RJ ;22770-480
22770;Rua Waldemar Rodrigues Martins ;Pechincha ;Rio de Janeiro/RJ ;22770-106
